Temperature,Humidity,Pressure,WindSpeed,Rainfall
21.236203565420873,42.03364037451028,1000.4682273494362,20.18108982626694,0
38.52142919229749,65.22356157959328,999.87915196288,23.90044191574117,0
31.959818254342153,86.74147933196653,1026.2501832208416,7.514036963774969,1
27.959754525911098,77.59461761662148,999.9818479939803,18.74622298820997,1
14.680559213273096,82.42647461099423,1000.8779890451452,17.15237949431246,1
14.67983561008608,72.82091883619663,1020.3759304967185,24.984911303648133,0
11.742508365045984,74.9979766936604,1007.9895936980216,27.182611814437816,1
35.98528437324806,85.19771735174575,1021.0684222782072,0.3647031443216042,1
28.033450352296263,46.22842057584708,992.6146463025755,20.22059757176378,0
31.242177333881365,61.812622636804136,1009.5028477469353,1.5550739735918706,0
10.617534828874074,44.378613718274146,991.3445440073313,16.465759952320678,0
39.097295564859834,94.19842051978206,992.5061281382142,8.628981871310346,1
34.97327922401266,91.36385707962987,1026.2574981337764,9.203297985664236,1
16.370173320348286,32.562742738952885,995.5698148447038,10.588755103570698,0
15.454749016213018,75.86238621351976,1011.2968272910086,18.638773471488303,0
15.502135295603015,90.14114063201828,1006.4438241040283,10.021498970063076,1
19.127267288786133,41.73739743327668,1003.8937330503537,21.98097151770841,0
25.742692948967136,66.91643998592092,1025.993333827491,12.135821567216091,0
22.958350559263472,89.50673934322272,990.8729358710195,2.0505960092987587,1
18.736874205941255,32.206488608076924,1016.5515874470236,23.512795274523217,0
28.355586841671386,75.3323173710446,1028.535777368542,8.57274973778118,0
14.184815819561255,49.3276854792158,1012.4067273384737,12.983006387977879,0
18.764339456056547,90.08575269947448,1027.4728984813237,20.563316496657045,1
20.99085529881075,93.1187859357489,992.0903151714409,9.97368471446136,1
23.682099526511077,91.37732179237321,1006.7517327629664,1.6975696844014687,1
33.55527884179041,60.82392408273515,1000.4063116384821,11.217631410384408,0
15.990213464750791,86.03277231430538,1019.2328385992292,28.333457480829104,1
25.42703315240835,84.89571090477958,1029.25188361989,19.252031918956746,0
27.772437065861276,50.741530760811614,1000.2612024977699,20.14437446001621,0
11.393512381599932,83.87950581979402,1016.166984058963,18.968464609129196,0
28.22634555704315,32.40549625650702,997.9239053103896,5.969764168783104,0
15.115723710618745,68.75754210133346,1012.6132101828643,12.550015923068404,0
11.951547789558386,44.9505744237007,1008.5572994675334,22.52819395089955,0
38.466566117599996,37.83684757552312,1028.8802131852615,3.0411869265947744,0
38.96896099223678,35.001958105898595,1014.3410909078586,8.335583282691367,0
34.25192044349383,75.25877043207907,1003.9802548834728,8.289573253975608,1
19.13841307520112,52.091872644924294,994.5638313955174,12.96056782783518,0
12.930163420191516,77.10984014936949,996.0498731493974,29.411062228265553,1
30.526990795364707,34.248162151931254,999.0126771980495,2.025076400514658,0
23.20457481218804,50.49387195898967,1000.0386664536119,15.561029831417851,0
13.661147045343364,65.06693400439693,1024.0246423136455,5.380940460366314,0
24.855307303338105,81.39700571453264,1012.448911531301,29.120296362292322,0
11.031655633456552,50.718912690584546,1010.9356364549747,3.399105141823926,0
37.27961206236346,70.68293946840559,994.5907548747687,12.108030070847738,1
17.763399448000506,87.58855363535216,1024.4055877339774,22.136549545038186,1
29.87566853061946,70.0311072318498,1018.9125721283393,21.13663284082336,0
19.35133228268233,45.142365858986196,992.7067344760001,12.681859106817967,0
25.602040635334326,31.58605080117497,1018.3134038891908,10.395725038581547,0
26.40130838029839,86.55642680356044,1011.7415286937058,11.928371356586117,1
15.545633665765811,31.382511705275164,993.2690138298711,7.928287894759178,0
39.08753883293676,86.85560872447296,1008.3320256611463,6.159988161203994,1
33.253984700833435,64.38091371176878,1009.3878514852018,14.491190926766699,0
38.18496824692568,91.03940040333825,996.630981606531,8.05601268202822,1
36.844820512829465,81.92091032528825,1027.8279258800112,8.623849946917503,0
27.936999364332554,94.86571718466693,1023.9990148592265,19.702681904236712,1
37.6562270506935,52.79626800436116,1016.7608934931643,29.056119950996766,0
12.654775061557585,79.86723878052325,1008.4918224400243,18.109116016781254,1
15.879485872574357,56.12550938460074,1006.4706216633804,2.309384011948988,0
11.356818667316142,61.191915319754074,1016.0389386860381,2.267508415622009,0
19.759909922897933,70.78785510919406,1011.8172747762762,28.54269662536698,0
21.660318690684463,86.78901242211202,992.4909242352754,8.918723709220009,1
18.140470953216877,93.96542549795419,1010.5001059508132,2.762009582474263,1
34.86212527455788,79.93777190119368,1022.2561446893136,17.971337614511448,0
20.70259980080768,57.154840840876695,1008.3695951038783,18.709463348707985,0
18.428035290621423,57.38820514800956,992.0782631021707,19.455144603560644,0
26.280882494747456,77.94284960327795,1021.4511279753614,8.02206083572624,0
14.22772674924288,45.52051447493965,998.054551285439,0.453320526434251,0
34.06590942262119,37.180817353540654,1000.3448333955215,28.950461083634156,0
12.236519310393124,53.050440246650474,996.5882541372919,7.526791370733075,0
39.60660809801552,48.670534457515316,1003.2086025948599,20.280788641576425,0
33.16734307889972,49.260027829639355,1020.2700602275454,21.19889609636129,0
15.961470446025173,45.184503818244146,1010.7754343801575,18.300222512384572,0
10.165663513708072,32.73605732636352,998.1952509660285,9.387221826409446,0
34.463842853645026,31.161805757671896,1025.1132031260815,8.132887612921973,0
31.205720315428515,94.20195533284205,1025.183274198061,17.930048481081094,1
31.87021504122962,57.80525369283105,1024.8231370018402,25.982869008350747,0
33.13811040057837,54.98123206537931,999.5518484552616,28.402011867701866,0
12.22133955202271,74.17707337504953,1008.0495737672395,3.1771741321127287,1
20.753971856328178,44.18650271122917,1029.399586245635,4.6448583779315955,0
13.476071785753891,91.74747695676464,1020.8804990523996,28.34208776349239,1
35.89310277626781,81.11242593701088,991.0866968490224,22.096056850043777,1
28.698943804826737,35.81171515029687,992.6081836504197,26.48981474489319,0
19.926940745579476,57.14275042602034,1008.5572550724933,6.0789790240602946,0
11.906750508580709,87.1426899915407,1026.3688082344624,17.627576133282055,1
19.329469651469864,91.40758144894167,1011.5480719181086,21.03418783252421,1
19.75549966080241,60.38109823124153,1009.9125003213716,20.40335656340918,0
31.88818535014192,69.87174029869601,994.2189479982652,12.244550726000943,0
29.126724140656393,40.85720649598489,1016.2712041889718,0.4618467507392543,0
36.616382277289794,94.42596069890348,1022.884126424009,17.487781704127894,1
24.16644775485848,45.05866058992382,1005.2168003003025,7.593046175388263,0
13.58782737814905,91.27756531878316,1021.0244740370131,13.50762738428671,1
31.39734361668985,72.22703218450394,1028.5790661560325,28.72743045251452,0
32.82355145850693,69.50289166712585,998.1506583651076,11.971059529273042,0
26.83831592708489,63.324753216073056,1010.9331852477897,25.1940481999328,0
33.12901539863683,44.993537761654316,1001.4855183233831,5.656218172477534,0
24.81386789093172,41.474322080358036,1021.7141767613535,20.173814940750866,0
25.681984881459822,44.3316035895614,1013.1037346352463,29.310208633168305,0
22.826230550756488,42.11848703937655,1015.3832967020121,3.056793026188104,0
10.762573802322855,80.67299078183896,1021.9165663846358,0.24959826681576036,0
13.236742809799134,52.75814184583746,1005.8388189064982,13.00748377897843,0
10.942875570602027,33.759773976620764,1026.6036027362818,2.7787644915410157,0
29.092312337913413,92.99167095915274,1011.3211546898456,22.45153049028694,1
19.4306794322898,87.44608252262267,996.3181929134139,27.43645991545677,1
25.257120734941083,90.30389840768885,1017.8359647267521,13.020629181262764,1
37.22699421778279,94.66900847201829,1021.7304540175302,7.761349264663229,1
17.47876687446625,41.30319119926668,1002.6704670827011,13.032099570198293,0
22.31148769106889,55.755731228672815,1024.28717027995,21.70343453550003,0
32.66653415629146,79.28550092076594,1026.2457301906306,0.27162484741112936,0
16.863944964748676,75.2413401734965,1001.0761794951123,17.683619684540915,1
12.309397294863789,40.00323391209058,1029.3408589086089,18.398750546621372,0
18.69254358741304,83.02915312439015,995.6284611219503,19.130647406878065,1
14.836638617620132,44.58863716938294,998.0806267360996,7.260662399426316,0
37.890929570277194,44.5481449634705,997.3689935695211,21.421581701343804,0
34.24361138693251,64.90333748807188,1025.759588400315,2.741744589953292,0
29.002112695312704,68.5410957647107,1016.1717020929984,5.978110094004024,0
36.143817705631534,67.70560350945772,996.0841713288909,26.324101399634458,0
34.110162306973436,35.946644430854064,1007.6129367347339,22.161694521796992,0
15.597101766581076,87.03495607097472,1014.6119210027921,0.41236662034035754,1
36.77676995469933,47.2640027682659,993.3385633995754,7.451287811094006,0
26.18026725746952,38.41846988338227,1025.2966547362935,6.432194489794937,0
34.22320465492187,87.76862519148352,1022.1441414176614,8.124189841109178,1
36.8827389977048,92.11734738493396,1010.2082709430655,7.426793108396592,1
19.540104249155917,86.03829512225428,1028.685064610367,1.8757888722853722,1
13.301557735830302,82.61854485711707,1006.7104391710039,13.76821549790461,1
16.83805487625825,72.59072874153641,1029.36441276146,21.982004243584953,0
22.813233658787688,65.80572908959405,1016.716799952145,18.201951741523093,0
34.54044297767479,35.65413939424166,1015.3868509301576,20.186150057942392,0
35.82191749769031,56.54945884959542,996.6381958118315,2.434475356087175,0
10.208563915935722,54.22475360580041,1025.2771103321857,28.544721305303618,0
25.32241907732697,46.8839959444212,1007.0995875168246,25.154755015290746,0
22.52233009446337,77.02230738975803,996.4893362312991,24.15270955486988,1
16.663234314121908,62.2319227801201,990.5043007990304,24.689514151253025,0
13.595961020010485,35.268004033997116,1012.3902273455353,27.98131524398284,0
20.12845514210884,44.311908126737734,1011.095984884907,16.327618983410932,0
38.287291117375574,74.41181963787373,1018.7741448947663,6.008460536028776,0
19.696087960622656,34.94850586686951,1025.610322120712,18.503508235576234,0
25.563718652300985,85.32844941316996,993.1762633857212,22.28644481003817,1
31.090568766855334,62.18452425590833,1019.2598596136145,22.13752180062076,0
20.90888807137882,61.23812752623212,997.4964777639033,15.643470725006402,0
39.15346248162882,68.50650600286865,1024.3270821262865,2.0537615800073414,0
38.87341884826334,83.6042627851347,1022.7625405544662,11.133388152903835,0
17.553468874760924,52.60759851364255,1011.6317501994217,27.62299825390072,0
24.91745517677156,74.07104991633913,1018.4097119449325,17.53346729272278,0
19.026349294503092,66.77257765972641,1002.57400452735,16.149958297671404,0
18.545214831324028,47.356837561012384,1008.8467159573125,8.065605431465805,0
11.106608420635984,87.11094911308527,1022.8654759084188,11.053467597497367,1
28.286930019396905,81.83269140445033,1008.3706078869286,26.86038267459508,1
25.080370696865845,72.79936925279766,1004.3119306130177,19.99389142580507,1
11.54436253749968,85.28781239112573,1009.768497890012,23.621610802569986,1
18.359393927098346,86.37412306238716,1023.1299700974887,13.630362692029653,1
37.24797657899961,76.04359348647726,1003.4083218948349,18.907416583684736,1
17.186856720009175,84.40586634363868,996.9504637254297,7.451508262296226,1
14.346846162736693,75.33564500850343,1018.4805608132312,21.163824908504587,0
24.68358280832689,74.20915016441953,1023.0391285083233,12.82804001110012,0
39.56951362331802,70.20973958398699,994.0254991409413,13.276365444442368,1
17.261658145345013,78.92658157124669,999.5949645102378,19.47966973730645,1
30.164066422176358,40.309331844049794,995.6788795904398,28.0884186440678,0
32.84858845986153,87.25659934793035,1003.9176564632867,1.9201903982586277,1
17.12912631977199,86.66982930344008,1008.0140391562165,24.742297120410228,1
31.846490458355788,31.901073397246343,1019.9530534785323,8.771493312365793,0
21.033493981577596,83.67808878670957,1016.0459033952669,13.317583635191335,0
28.969174917807383,38.37654138577394,1014.8371426991373,0.6573998632502687,0
29.00589132282684,51.782725526844224,1004.0949978643862,9.031382335029392,0
26.073240522242756,78.3280366589545,1023.6579021233904,15.078937278903915,0
12.70869310163225,40.44939324314004,1008.8514866959266,1.6852823204231704,0
35.05907486767714,83.16785656773905,1029.1641975206062,14.732871881494955,0
19.623401949152075,84.08872156725323,1015.3656855318295,27.81331886575282,0
15.595555311995627,62.98540269445435,995.0505896625801,3.1617965432341566,0
11.223254246642917,30.415081661594183,1017.0471024830174,22.93322184226513,0
27.726788295647253,48.657478656369335,1003.004160617268,12.290131601279779,0
30.326930855268472,70.10024969442324,1017.4530878674439,19.65521143573014,0
10.497634867835684,93.77710157178252,992.7856459264963,7.807097939556881,1
25.36279174897843,71.06787925608344,996.9952574870384,4.784767876240749,1
16.79487325593814,46.88723276917038,1024.2294903562315,4.813878428136793,0
29.355183712283495,71.21037070147474,999.0871822809406,2.1147583692943392,1
15.230992870149743,65.0990496815306,1023.4816450097176,5.569401147037291,0
30.728132143073978,80.68995068482434,1001.1710435381764,19.92658154966905,1
21.602060389016124,36.9537415237523,1015.7152764023483,26.45071835530524,0
38.101899662102035,79.46681366263182,1017.7660229403932,24.423770567734856,0
14.125628324379797,65.18232761394717,1010.5061901258022,20.55402929623452,0
20.231990531507755,92.59448025083465,1002.2124270678693,3.31295590233308,1
13.404205637217672,52.22169079251459,998.5057750548439,8.675623388878495,0
37.74080854835688,71.12042305370663,991.3275741824971,9.29420625967407,1
36.32018060142943,90.58182685815113,1002.157856049629,7.498708391928637,1
17.73824883145467,36.66313231939415,1016.1265116212513,15.450169791291694,0
29.79952138102537,90.91985167036933,1027.5321927379393,16.066614446390176,1
34.51666600603647,74.71257194955287,1024.848179290522,10.706579255133306,0
26.65602434798387,34.409408841836175,1020.6425910614121,10.61367476209308,0
25.889517350680194,49.56263185154306,1021.5378937301319,24.85666793718244,0
17.25556872701355,76.0311857619433,1016.5993961390398,23.678785449590567,0
12.793083034176977,34.37778909547016,1000.4114743026402,9.233874950422368,0
36.91647273859981,67.84107991145777,1026.287801228233,27.41365331619778,0
37.01254171489991,52.48239870194219,1016.8292924762334,28.584450510075182,0
28.993043718198038,70.35950865488601,1012.4176252392176,9.802276260901225,0
20.17089373146102,32.97323219781334,994.4395787685393,10.632748463791646,0
20.476287238379825,86.64989239990446,1007.882221752257,15.169024602658766,1
31.778670366107182,93.2767829965308,1008.414330848077,28.233624376010205,1
36.913307798577314,92.97706059356995,1024.5825443809067,26.289582994269345,1
36.61259272795352,78.7273690632901,1011.8659288075115,3.077038877507694,0
33.396266375728715,38.45560560849108,1005.2160219588164,11.781922298142486,0
29.26094938462863,79.28710773538647,1029.0720131404264,16.601135692493155,0
12.524198949851465,31.598149569822098,994.4288237330526,15.093974176546201,0
14.848861422838413,31.438030849384823,1006.9019371324778,5.81589203810678,0
36.956625655812374,51.034664244720176,991.6809870068562,25.76450313504464,0
28.1928717897877,61.761807376303274,1019.5961648306773,20.30822348990512,0
10.27591154849889,80.07648215750656,1026.7230620879661,25.137251245554108,0
13.044146285980963,74.41419947942283,1001.2014931820196,25.762928380484166,1
29.905053073241675,58.98367591448864,1024.3336670719648,22.450675609972194,0
10.15184751538656,47.78573330830828,1001.6887292184759,13.17631803749152,0
14.824241542524959,94.81309251025122,1026.4308064657566,18.316402650462738,1
26.462013680997583,57.70178464533824,1020.1584761438713,4.810962183592294,0
30.756855930780798,59.34015658142891,1022.1962710736575,20.20936252424723,0
29.558837785078016,40.6355483774585,990.7202622240181,5.377597672178423,0
16.728079283816793,81.6626206687454,1028.5124142829611,20.818487715304705,0
31.365376640426074,75.08934467579675,1019.0668396828129,6.88794482261906,0
17.117472624904003,44.35002483126942,1002.1900438154453,3.526539004506599,0
19.76199094477803,35.35476796502977,1023.1757865943539,4.958534704288723,0
32.394742153540726,74.23245463485635,1001.2608479365972,0.05976405657210804,1
29.48898697141644,72.54322892827379,1024.910153582645,21.56218853560591,0
35.47670231482534,47.76186925488361,994.5032156164775,21.97203147175137,0
29.7283867690103,91.80613154627667,1018.1474390984318,15.448000497397784,1
27.049258100064147,39.818762965758516,1011.6279390657965,4.840884031661511,0
12.810243034842774,58.10176206776912,993.8613788078177,2.5066301253206924,0
21.031474091783004,91.33503481089393,999.6757531303535,0.5738689931186103,1
17.956071030451763,57.28227560019795,990.4961614510926,4.972445308956621,0
17.319689301372506,71.50418659816556,1008.7507186185802,26.725666049494404,1
39.190316642573364,55.843635867581625,1002.0506104304001,7.246105251050453,0
21.792931740002814,47.82398815266355,1013.9342993719104,10.62813981651647,0
36.7613966553134,93.95854711738883,1001.8895123083447,3.1603645344399958,1
28.934158779917887,56.606710410477795,1001.9967644602793,6.670839142445109,0
33.84433910624945,88.11644823914374,1019.7277279492641,15.576737123406154,1
25.079112793155765,44.9470493829206,991.9257134391341,18.232580492869577,0
27.307116538790773,43.851805761630416,1026.1157998076794,7.360569424986332,0
24.77553081456592,32.02371538749324,1024.0905549756474,1.7319647767535162,0
15.857289633941335,72.35834364943253,1016.7121873290563,11.73098607382196,0
31.67356345784516,53.95421234204447,1013.7288628042953,7.0261011277900245,0
18.423170873225672,86.1832862395764,1025.692099925586,6.586617696894058,1
10.729478992943616,60.758643934951216,997.4132071811486,28.795884081403656,0
29.364168877215036,92.9325728144569,993.1587664876331,18.489014577771723,1
15.313320382211469,42.05915852070287,999.5804067963816,16.706353295162877,0
38.21375753058743,86.4605059171147,1021.7831311480077,12.473253105699659,1
38.617857310077625,80.47879543146321,991.3868106690593,12.868330002904328,1
37.44593170661346,80.10991990186338,1013.3122734033395,16.227150115142425,0
21.10476100766333,84.91090982759769,1029.8175006476524,20.892894211083217,0
10.463698495866023,79.46655941129492,1024.2278437535015,21.064382885454883,0
37.84955687763176,70.704320906042,1010.8578275617435,5.1508172311634866,0
22.84552444951943,38.530917049355196,992.5456363714657,15.003382562298809,0
38.999644571310085,32.11420166693137,1023.2549405754283,12.35874285102306,0
38.90859931267758,89.85511010801964,1013.9591403270884,26.115808988081525,1
35.5902836640208,70.08227044384797,994.5973198823826,18.942567636551292,1
18.83346676208757,81.77492391345146,993.7542913929342,15.975121992479455,1
21.552931858057757,61.29895284831575,1026.3850727774636,3.461839265367521,0
35.534100145505704,37.625032282555644,1016.7680105175232,18.169136679702344,0
19.50766015468833,38.13707649316578,1023.1714719726702,3.5161171704070027,0
15.084782400582775,74.56174366988313,1025.1591560112906,10.116197266972563,0
26.704037873750504,57.969883168465074,1012.8708940819329,4.285258944429956,0
38.08464322482343,43.03410723552189,1010.6978540702016,20.762209410731067,0
30.88089390024919,61.9536455381934,1007.2170964128396,6.187563415084578,0
27.101835102680948,34.17358090988372,1002.6778635116448,11.755781195640779,0
12.915294813123056,67.82814112443592,1007.3838384343485,26.87024332856336,0
28.45021680097509,47.484571288281344,1020.9551862292062,6.129491501969109,0
39.7016155031279,81.84134154141722,1014.0769372406053,15.234151918763374,0
14.202520457095721,50.17352733003229,1025.7009315981938,12.57814983498066,0
25.5498895709121,59.58930969031708,1007.7352005751675,0.543721231371892,0
36.32119215783867,30.75533509402654,1014.2835831487502,23.782743407184384,0
32.22305853262613,34.70904770664633,1015.2523021236796,2.0713771894379915,0
30.91047222985804,55.51208116643451,1013.667886492253,14.227650629308608,0
31.07452251961328,61.19602425661303,1018.1053509234207,16.8203488481685,0
20.784734536592655,69.00133562775474,999.4973387349922,18.852793698437612,0
18.8077553279348,48.958067616104714,1010.4945511018316,20.658948879236267,0
34.28083466435541,75.17382259822526,994.1689921123339,7.598171505681453,1
34.30340184037542,85.9079558172983,1005.3804531057925,0.2993632997534812,1
36.01216955740311,80.69031427806775,1009.5066827448505,21.70330987064736,1
37.397216576694134,32.57522364764321,1016.0889703818189,16.069697980427357,0
25.340271965828133,61.23295157175888,1028.0212421034482,25.083531096217463,0
25.045488840615988,36.820461597181364,1014.0260426619342,24.641650887020827,0
33.948855369003255,45.73292603106429,1019.7437566470624,25.299785033636496,0
29.498917923332954,94.13306856236451,1010.2506423798081,14.552839799386204,1
31.0590063177311,39.26221028859836,1015.3641612550532,10.00885187510597,0
33.873780083083034,62.42772997433814,992.8372886453509,23.7467460777411,0
36.70016025452699,70.18012273067774,1000.1756632336738,13.538823390877647,1
20.139854705546075,75.66022308536677,1004.4741237282055,5.503265892103036,1
21.26748857919832,66.37716442664941,1008.8997342002606,25.64922058684423,0
12.819458195226069,30.635105082246938,991.8259498200954,26.476796303170417,0
27.34840422988522,51.21998503585947,995.6009639021327,13.989292684205104,0
11.078268213902263,63.651256820006246,1001.0725723116523,2.270991819293624,0
23.967940543973803,35.711322444414165,1028.861307636042,11.634782697507937,0
26.2793390412273,52.790750528596746,1003.253880284122,24.1061297838781,0
18.596237563848533,32.15820207143883,1009.2816423244833,27.05322085638686,0
27.724997817070324,35.10760231507635,997.8439085095357,6.104182274927875,0
10.915007498171484,55.800012953103746,1014.4312028430307,2.0092083607581457,0
11.120445662476433,38.626524012798924,1001.227328620639,26.32051359398516,0
34.67801681978975,66.89015513700127,998.2797031375371,11.68214816936626,0
20.805719242337886,74.81522299392228,1010.6629051378392,16.252828928026897,0
13.811815379556544,82.03813544209038,990.2202319664168,29.04197436152277,1
25.667297801644132,43.009765875912656,990.306561305969,1.9969418374266856,0
33.09980659295832,40.88636784683953,998.7627523640743,19.449540223562867,0
16.474630824905297,36.79690962173602,991.4688545000329,2.2231626772460125,0
28.686714274570008,71.36796622033638,994.3210301652276,11.26406785399501,1
12.560423949813039,75.92092222164857,1003.5544259735501,24.114436355803402,1
11.55045163505823,32.05309941366673,1022.1034271831925,13.004166982669032,0
25.94063894704444,90.85379600583984,1012.881945734772,29.915470617088513,1
26.219053648303195,33.37813343734571,1010.5067090382566,16.771778548398064,0
29.122897044946196,65.18426179456958,1001.7395529283249,9.634864579078604,0
31.782740011679845,76.08893376430956,1027.2701487773127,6.603339777142594,0
39.275562383876036,86.61299304349556,1005.8806016494876,10.515616028584855,1
25.48901044903586,76.4156505886078,993.4837106718309,11.175998212786524,1
19.688694188237378,82.11232539953647,1014.6826606447121,2.0614103317188293,0
33.85558584306111,52.064262515282394,994.553535739064,11.087225982803195,0
18.124967537862226,82.9636323935233,1003.8089257120677,13.927155592176748,1
23.169142621169083,35.20746501500388,1010.2964775487123,21.68213256716414,0
12.35369144026798,88.1630826439343,1024.968900987407,19.70188454164824,1
10.760522302463725,65.59350444999285,1009.7418632136048,21.262969656874628,0
38.87945244033775,83.12435504756209,1018.0903506412666,0.25091045630571296,0
35.079403615366175,59.40068849368951,1029.712673559963,6.530021987416081,0
30.87922618281094,71.83255018777413,995.2595647959192,19.850528651995695,1
22.268588332428095,64.21617296084736,1000.9892610207808,14.519681045392414,0
15.198829602125373,77.55331891409656,1005.7830430239059,0.15940427005037838,1
14.69311128013258,35.305948831988324,1006.8731271415533,24.13483927295467,0
17.50728694493786,33.92288545938665,1006.4408430106218,23.184287198710123,0
26.476799941183614,46.06171021065952,1026.304440102262,16.45257488980688,0
31.43787768100187,40.37040420735724,1018.5613057786743,1.9938997732881636,0
29.80592130153194,86.66593182849311,1014.3162085636282,22.99545148597754,1
18.398016908378285,44.24890917827288,1002.3749087145113,17.51140763194092,0
38.64595841989582,93.43124162824353,1022.9516153688518,23.458799314738776,1
32.13690750087305,51.898226465121944,1028.2024204593995,22.55240977187521,0
26.63062157534202,41.837664519765454,1022.8479313020091,24.090062158735115,0
28.351622387030567,81.33040296426114,990.0626042076589,15.540241992138744,1
22.588001872833697,72.81600540755696,1015.4560548073363,4.20973554580545,0
17.431929685034724,62.382721569454034,992.045415257684,20.13472420139066,0
20.679180359537845,66.09863081094602,1000.3042888133489,18.614213551559118,0
32.735383313931074,76.74811558769716,992.3809880139108,22.267595615972617,1
10.431804658892677,44.849558186534416,1014.1518181179755,5.096430181522059,0
13.482179215207488,94.76170454368823,1017.4635965397042,5.849255997008677,1
11.380079260652582,93.3615555395409,994.5795055226362,26.712285516579854,1
11.221864069569104,72.27116961255089,1005.3535553217991,22.499333953562125,1
35.66381752033021,42.97025931039443,1008.2494603582217,27.24685466100969,0
31.109735781400712,74.21483575803393,1004.7621208704367,22.76145963491762,1
24.225214872619755,34.69289658364643,994.8410000194077,17.914659179709055,0
12.935024819530044,31.992412643377396,1006.7579116074991,19.62398211083621,0
24.74847625350497,46.74938775322889,1020.0471219123367,26.6738377182003,0
24.204153123416972,60.07049218805556,992.8403065813302,17.364202635358215,0
15.196056097300456,86.43771285154473,993.2072005632762,18.97173972985162,1
23.01554947713919,77.26598953481002,1004.1908516734394,4.694301480108018,1
21.955142031921206,78.27592387799876,1027.669028464757,14.217636603483081,0
28.475502941566493,57.6570667391249,1016.7429058689165,21.49191335874297,0
29.052809526029314,52.48577451555259,1017.1467982669026,8.128280949490962,0
11.359120293161336,54.11751959399918,1004.4767996335146,6.067625415736048,0
21.238378438794136,94.19722164284376,1013.7464316483415,9.414804246732466,1
28.77579747142709,32.60709744181136,990.4052473611098,7.245018839785003,0
25.094087757402633,86.35704724795916,1015.4438418563817,6.447379111091875,1
35.69469523564967,67.61390155720557,1026.5314779030496,12.745525286042609,0
29.76080894856835,58.510002247323385,1014.5029387337928,27.23515541650602,0
14.88803281244289,77.14174792698387,1024.9479437386537,15.211789402161548,0
12.117062422012896,61.633481192605686,1018.9589222186438,5.637611424459691,0
29.27257834618947,86.77251047530794,994.8223366561476,2.309150081426222,1
10.795339316248654,88.5456211607318,1026.0981322914336,20.884684354137757,1
27.5732674382039,57.4118602467746,992.657753774231,11.483962933091634,0
38.20690724274873,47.99380682027835,1011.3586989019105,24.654928397560777,0
27.26422533627637,68.50277135856854,995.6854849517383,19.785323059223106,0
21.645097786195656,89.30361746508491,990.4682644292361,23.887243516241057,1
29.298646553270594,43.69304228536833,1006.8813704051056,8.158381182553462,0
23.7475867147455,70.49282793162638,1001.8016283061662,20.770767673831745,1
26.36850367947805,71.05141430601384,1009.4400197519042,7.921859540811563,1
38.24394426329576,77.65234645699326,1013.087995469382,28.172054383508748,0
21.58307913402323,38.551899533271886,991.7495628923579,19.09122844600123,0
38.83571691471742,76.52862270433576,994.9201318049498,9.735354005260263,1
37.160519258681916,89.08711384326666,1012.345695858017,8.085355868768179,1
15.873734043678894,41.67940207656573,1003.7266941269063,5.727797552149305,0
12.080839026254964,45.440316120052046,1019.1669395019779,20.839228766811832,0
13.0233400413228,93.14068111270657,1016.0916659436776,6.561468389937819,1
10.546654769546493,41.76350192611683,1023.8241745195962,17.85909797782467,0
12.83328882267785,85.53503106902264,1017.699713066769,7.9390508077607205,1
30.490203202490704,61.99806066912226,1007.1972430956059,19.85906834381606,0
12.13565945380687,46.07001983620651,1016.9186648957773,24.448191856216177,0
19.569268908812838,86.59874358271324,1001.0152469702167,23.340757294339596,1
35.34625932908364,58.94484157517326,1002.2525399511285,22.82553992792345,0
10.698158072074776,63.463128005429866,1021.5594063968317,5.631672170767562,0
34.43405447766807,53.35016901098477,1007.8567806560633,2.651548409535561,0
18.455643243201997,68.54180534327028,1021.9352136207341,20.96846485462157,0
13.544944828649687,40.62905171802648,1022.8968949467311,11.05041641383054,0
30.902114960924518,55.420299882364446,1024.3024935064514,12.970386792100419,0
28.86828540339652,93.01180095179369,1026.6654094336484,0.9344727838017319,1
36.32416040581159,46.77867312557329,1007.2394088205318,7.787293478251476,0
32.05213131411657,72.68788319518399,1002.7546727328455,1.0102921162339207,1
34.10442791154546,51.137354174605164,1013.2879498637645,26.375573178037428,0
18.461037177139197,80.27575316962904,1004.8468969375051,7.301900496555914,1
15.323186313391684,38.50678794669274,1014.0429666720094,16.72011508719024,0
32.51844254922575,93.03836793010541,1018.223434505753,1.1693796198339124,1
34.20504217801792,59.496320189936554,1017.5362007396855,20.00542173916974,0
39.7151542600202,45.34328011752016,1004.9821154808049,9.690820372622817,0
22.378530307342793,34.77728857645082,996.6744080679501,26.937575608729976,0
21.160542573783495,41.03426383069015,1007.2211735384883,26.643545668021076,0
33.29238882225991,63.785306656141145,995.7037657632764,9.758718550852434,0
20.224106207590538,51.90520646803361,1025.6038814073522,27.028826870714038,0
37.922719768106944,83.87741878236962,1003.8350984295143,29.884730204963365,1
35.75238255529035,58.00768903801739,996.178389888933,24.76246992371844,0
22.86982082125055,46.16642771819595,991.01791039623,25.34614043265687,0
32.52613203374492,70.11442412926195,1015.8328954514594,7.470262083272697,0
32.63628622254047,75.94051909755399,1015.4760926981897,17.30107196573269,0
13.093716065077977,40.85772401356174,1003.6241666632517,2.0176774190210356,0
37.076587200386996,40.895249058740646,992.868475553906,2.8475381046500914,0
25.157571173435713,32.383642750680295,1006.3851557958093,29.966778360998717,0
34.79372398323225,77.86613097926664,1002.4486998025358,9.799177482777328,1
19.601488030918354,73.14729429541734,1017.0848255894003,22.44551736146539,0
36.86569685488601,60.8510069237379,1014.2311699781076,24.199951590804496,0
21.676050362024895,84.87107918299782,1004.5837491279016,25.740698130216877,1
10.32512954440895,82.36855994175346,998.7157021701996,29.928848922064695,1
37.16145929257791,68.04803368578888,1029.5214386462237,7.2448945577060355,0
12.738600303584008,86.43763323336181,1008.1600648478446,1.2105248057909912,1
19.579409127712445,43.379678652389934,1017.5309694312094,12.335745539837578,0
38.50185901152415,37.27477526085231,995.6221187031344,3.9024200948684085,0
38.51821440812668,47.53372474860433,1009.4235879863759,0.6727766748616537,0
27.203136643698585,33.710645645805464,991.1014687947786,10.812804814244583,0
28.95511636509398,64.52601932006708,1010.218204716418,23.512147532257092,0
23.453365659349593,90.8793699991725,1028.560696284708,16.985420736752125,1
18.796323150941937,32.55733014345313,1005.368268519432,9.383339676310621,0
19.85993636109748,37.93714441065174,991.5598405029965,19.630260164781593,0
30.175553682311154,59.392936838423296,991.2382316367738,6.960545409264322,0
32.5712358831304,90.70187613931381,1005.5194703978748,0.43144338216255074,1
33.74737131177545,50.55014682348879,996.4009974585277,22.93060159309282,0
33.68854428383662,62.97026256474551,990.9340838531274,18.712292545920274,0
12.736183091460711,32.702235838275485,1020.2485445580071,22.8690787350288,0
24.832609141077445,39.642308062535776,1008.3409203552757,1.1681405006299683,0
11.726762800499328,94.13095799232505,1001.5697908789061,25.113588834919565,1
26.485866469712064,92.73271526834296,1026.0033273206593,18.5857860010891,1
23.24591504120131,30.321098760736625,994.645558408021,16.901860521379206,0
36.63112548274899,91.86776605251053,1028.2367531582129,18.738421443435946,1
20.52745037656236,71.54279595800753,1002.5586686950941,25.932997406050923,1
13.512010492828175,86.41468914380144,1025.5361468923472,17.608095196767213,1
14.289750461585076,59.55809061620084,1014.1177150591784,17.42851139664538,0
32.84531895152416,63.51374185765127,1023.0682943896595,29.720374711972973,0
28.54654189948783,61.77502771669981,1029.3605265284186,22.70190501205704,0
13.033680283683708,73.34617674049679,1001.5362175127498,13.268814163534058,1
12.523204183449923,39.07733155916034,1028.4454194163038,21.221910000987833,0
31.0290739437736,31.948283341724068,1005.5792757960968,11.676914150753655,0
12.182890190925805,50.01544620342741,1005.4204761894769,6.86626387450497,0
34.65580177871068,75.80424957788203,1003.6154841701803,17.905556306632782,1
31.187266814694887,43.12047438799164,1011.6563042939034,27.845462943418543,0
12.440463419256993,73.77310816611963,996.1658017271395,27.874185600463882,1
12.545131422555757,93.04428299697258,1012.1484594143204,10.25715834316471,1
39.59918735503526,36.10354652631219,1011.6681924964001,15.83032398665085,0
21.22812387268361,73.71913768463321,1020.4760725041948,6.349076957095836,0
21.11926441200673,58.84376425479712,1023.3459984775034,29.868933284966502,0
34.383987017725076,86.42924653453784,1007.6176540124969,29.43353723603807,1
38.41745732151576,41.51473631408008,1002.0933299740598,19.48526789122342,0
39.58003191468613,75.0206868947007,1000.3733958926838,24.1324217903242,1
32.60134555776825,84.47749382712716,997.7849534681949,21.453004838511,1
21.287787565927474,91.3999242658115,992.305903287961,17.794746571184046,1
12.505021500960062,74.41112183882697,1003.6979191533885,1.6004399096669308,1
33.3144074778231,62.316359660547775,1000.8099076852313,13.642930276579833,0
26.752127492074152,70.1600706130789,1028.6566954346563,20.243589065022316,0
22.726660277409287,86.47882399111668,1012.3083530500018,20.32594841651054,1
37.19063155284208,67.08963353152393,1003.8910815612203,11.193678552671507,0
13.33592446918454,31.975158880294394,1013.2187040397479,28.250759599740917,0
24.778753128725775,90.51166520795356,995.5678680538279,5.02071096710343,1
10.340609343022573,74.81923881705147,1007.7617499680881,15.010783386466818,1
24.05981925982379,73.97337007552102,1015.0493728568425,20.726519296524685,0
11.689098270455121,44.018884905851614,1009.555913271698,20.914074176754276,0
13.564537488042157,72.82755556512271,1006.071152026173,19.459168703064467,1
13.525787403313146,55.6011863675203,1029.753935555988,8.258646403555804,0
29.476309063481906,72.33014350769699,1025.212590485957,4.686197060598659,0
32.3813463779627,36.9285469700194,1014.9362383263776,19.078209804801325,0
27.50106295291479,72.75994479919734,1012.7750944472913,17.979063484183133,0
38.86517645423626,94.96189217509333,1014.8264191929834,5.3806803086772295,1
21.246117385711123,33.13378252593614,998.0524843128974,21.1541743671169,0
18.57136258845582,93.51632197438562,1005.8055097305728,13.655159752009693,1
36.057973845683804,56.44901744698659,991.578381315636,20.032817748094587,0
16.70787515558358,86.59897427192185,1009.0218414994731,25.12101239310452,1
38.89667618321834,80.85505646378778,1011.7209833583065,5.091852857307694,0
10.36463424069449,66.85605696413342,999.1099894441284,0.5743460399051004,0
39.09636480122917,77.99919860133622,1028.5611538866206,23.373077591873603,0
11.294797358517283,87.10351148458761,1026.3781844374896,18.290922754578478,1
36.73429341094213,56.269120907317145,1018.8857294182362,20.989187088663652,0
25.831033272588996,51.25715550161051,1011.3354651506145,25.144649249659278,0
39.78894388357901,73.393570061633,1024.7987663859074,24.084328044735017,0
12.213896942061966,82.50998622618181,995.2260937529385,28.82760440786474,1
26.615628532039622,79.54853376048003,1021.6203917709954,16.078052365563547,0
39.079076068572974,81.85788717581124,994.992832558674,14.654868979797161,1
25.692935325104465,58.31291546284065,1021.7684265019763,12.056615996721902,0
28.881959144057877,83.15922405137641,1001.0307027300543,4.610731285326136,1
30.872460669538516,37.81358859908955,1025.0836232407275,17.178216986460672,0
23.636231943033195,65.39179136745523,1027.7616837530159,8.310375729779363,0
28.8267424025219,30.3743129323779,995.9518387762047,27.639225366389265,0
27.529429357693008,51.09807894351757,1008.5070242026158,17.495724128312926,0
37.034740314729675,53.81999976664086,1029.2394951265073,17.785205415243304,0
11.363391410243736,55.7512249546016,1009.3362974389258,10.6477398263103,0
18.42889568776691,75.20536843484103,1024.5419009005818,1.5596805593312246,0
38.51234452229676,55.25627658257247,1013.5492608852528,0.9523129611896586,0
36.70791351672749,59.16508547046449,1005.013196316784,12.700054324595925,0
23.669702583571386,45.440368506831284,1001.4313422210348,2.5369613429171354,0
28.603977934046103,54.26136645590711,998.1289236434435,18.205408666204175,0
18.32143548943398,44.77252577210484,1020.471927655108,26.429190169189724,0
15.64363479171284,34.75773504494884,1005.4616202729211,26.487444495561665,0
23.910952148199463,69.22415856978957,1010.4510184880301,19.77136230396697,0
20.600566840781585,73.43383190607605,1009.6930192000473,6.33695494418793,1
27.509683355526164,70.26687249062493,1013.0911611693252,25.88990494076616,0
12.332039108949544,60.1271128470372,1024.6230858249821,26.582803059396245,0
39.23184422998499,54.686075711649934,1029.2295737433371,5.899607548588762,0
39.586322334388086,86.11668722216865,1006.3033683429527,22.12278257312032,1
30.944851420592354,63.74031603385417,1023.1007568842522,8.595586467813689,0
26.082890990323612,61.14682204593251,1020.5811117861887,24.07920937058789,0
19.285828488589832,31.66673427741832,1012.941158058223,29.91713699710808,0
34.41385059120846,52.18110879570016,1028.2418857444773,0.9007801598817844,0
30.541935176616377,54.712715221080714,998.0189806211362,26.92097597372796,0
14.878508180346738,55.92348075829853,994.3705684123848,18.678916007959742,0
37.32781553481527,67.7112039997766,1024.1584786782169,29.201478574944634,0
34.67611728769507,64.6841655372471,1007.5659926653499,13.950285525792829,0
38.49399739875772,69.5138310315739,1023.8787541682824,25.42163791714121,0
31.771585251650798,79.71741200023834,1025.7236082078166,1.871822057948317,0
28.402455878073695,82.84407301654608,992.4983037447629,10.058371502348871,1
22.547291088718566,76.67799995472214,1025.3385905194425,2.010496132536299,0
37.9818545006204,92.10904023707076,1007.9327622147769,29.260294004372117,1
35.98191668501225,31.185117873963506,1010.4172995601693,24.5092172181551,0
11.356560103185682,42.7255690694305,1015.0637004437284,25.576422637379114,0
10.79100923491756,30.491586873579237,1027.0553042692034,28.138956943016826,0
21.293901006341486,72.0858564200492,990.7646437771906,2.5531045835935604,1
34.31659992345499,88.37198568174915,1009.0737387327126,11.567927775400001,1
39.618283879448335,45.82634927745946,1017.5088816972225,2.131046671320064,0
14.512506733105845,90.25724541175992,1018.9082783079291,6.3237930465008585,1
27.823921460564055,33.917380368821455,1017.7012972614843,6.8809733111301705,0
21.426725698930646,90.73834174235843,995.3774051763248,14.07321633142736,1
39.09743193443809,52.855474670576235,1001.9758235348672,8.056865023609278,0
35.263567694071256,36.59235384919907,1004.3486210166806,3.029343204532833,0
35.149861141334135,61.581664347111165,1022.1774883071802,5.024732672823231,0
24.06079479384911,46.690476901833016,1001.1503948965822,4.418266906562728,0
22.444585070129953,48.51673862752499,998.4281985546882,29.192303937368948,0
18.20221215792119,49.973847720208624,1028.2979207615238,22.778775207554208,0
11.691264899527813,82.19668335912311,990.3545314045388,29.032843958086858,1
35.9416712876516,65.04548298389153,1029.912834227279,13.192214595237257,0
34.387030273902326,50.23500044514024,1017.0728519542959,8.351054449879697,0
39.991530198583916,69.6716959152097,1023.1387719779647,23.9487959162756,0
39.89910511221716,76.54979382450759,1001.7847758538477,9.787617541234404,1
26.662951168078823,47.7205600476797,990.5726111066824,8.981501211160449,0
33.06962245541531,56.88069159914785,1019.5147807424612,6.975179766234936,0
38.34297189647284,37.92259606690159,1023.365783880027,3.8903693467270606,0
35.48942172032234,41.77470771975422,1019.6190452781408,7.693891830502979,0
17.42044305229593,74.27266050772388,995.7140114920336,10.65959245421663,1
23.516324059302804,41.79349260021575,1020.1371168902788,20.219826244371912,0
13.87478245454485,64.13561993835891,1020.7569112843056,1.8769452665835473,0
38.621530817761666,76.08800701195813,1016.3416206268022,6.3152081899602885,0
28.1852390335264,36.94700000115835,1020.6446373118234,24.27070920875029,0
16.85928416510388,66.87529427587873,1023.8368575871093,4.407657707513123,0
30.151020532175703,46.67658094058864,1014.5441645694983,10.279354395675647,0
28.543847213736875,92.59024689044269,993.5441885587871,25.939767655744202,1
20.744881540985215,61.43046703679511,1009.5051123866884,4.64775933430328,0
13.40672776598887,82.38951573538527,993.1059733868642,2.482105068545697,1
30.14719586778399,65.76472524015702,1006.3017212412973,14.536139852400325,0
25.6092310271138,32.82181463556324,1006.2842595650251,9.072585338356092,0
33.16955175206918,71.15483941361146,992.6403937656097,16.902250934515624,1
25.604905033359803,91.84121724343271,1003.9528213587791,24.114146714504255,1
35.5654450095562,69.10476830951153,994.4399239516526,4.114454644582295,0
26.557205163234567,83.24727586274136,1022.3294084003688,17.42097253662855,0
26.828139146061588,87.4734201176465,1027.9075210385788,15.165262811695918,1
36.29960807975035,44.82518517668061,992.8926590103175,4.322363580395987,0
22.104485986371913,43.782914594034736,1028.2046082916681,18.71995456586947,0
14.02045685351922,69.71376427531446,1010.9030639734698,8.209212535823148,0
10.863480289400169,56.7168505374358,1001.9826271181549,14.635029556320374,0
32.65411767020857,84.59098468633682,993.0744830110466,2.4681697283118567,1
28.60928654060394,88.50150302087073,1010.0249707228168,13.787521716408692,1
31.122393042976707,52.972389654676675,1021.78062177963,9.19390404128461,0
16.388924845267322,45.39658633334133,1018.283459090668,24.67143633556063,0
14.091144267603093,80.73415849085102,992.009040458559,1.7093618099210484,1
10.436339970036459,47.86239231062885,992.9160734147162,12.558218247549899,0
20.51762676419791,83.4699307033891,1006.1149313053055,13.75294272394314,1
27.697530605638992,57.542986487169586,1001.8116197619178,21.750182288973562,0
21.76732135299197,73.39074345394559,999.2953729222419,17.22862725270633,1
23.124247660711873,36.20979539925343,1001.2401799563486,20.01637011582543,0
37.12476083481245,70.55085610397725,1022.1393097318754,23.311478569552683,0
20.44766401069901,59.36489911791989,1027.169122145274,25.866089209745663,0
25.419684674794325,68.12955010640582,1006.2041077811026,9.416264901674115,0
33.50959038223429,40.92092350341612,1026.2444400852999,16.14068116091709,0
21.896283469638107,77.89679342137184,1002.8598280499152,25.203242353175995,1
28.662601006836205,86.08181004030985,1009.0574794537516,29.683533928951693,1
35.87091126240236,44.08808700590042,999.04115991264,26.685579331312894,0
38.485618709729266,36.22144610881051,1015.6190416870338,11.144017878731304,0
14.412204427871139,31.536508093011864,1029.1592446069924,5.854995516559512,0
37.79762875484484,71.72814752881229,1014.1397238417352,14.681776122197661,0
24.763488792386145,69.46111234577074,1004.3125633645419,22.249243555081268,0
17.74733164896875,65.53533182641455,1015.9126978396212,14.777072122598927,0
23.77407268714784,45.0765612475384,994.9168271386155,14.495425899410055,0
39.40097725856431,55.40888973385846,1025.546363210616,25.14691263245402,0
24.77854281978609,68.64096178710125,1010.1233580311934,10.842113372015591,0
19.862548308625247,62.28984582584601,1007.9739896815856,25.79384024434937,0
29.002025629501773,94.20605881396767,1013.4345915381408,12.204144028551706,1
17.204368563345792,38.86858391618765,1014.9913545115761,9.846993170350181,0
12.275899843259918,75.18439601309359,992.8710322490605,13.61969733599097,1
13.866391657319477,56.280719926778985,1017.304688848936,22.873408760246054,0
13.841375168733173,57.832974970164955,999.6772672126211,3.780060835919828,0
14.55708080536883,76.64385476778145,1018.5581053002636,5.892576476160522,0
14.164815179482304,75.00834983608402,1022.9013917753679,28.54334476989276,0
29.226242344096438,94.43163959064223,1022.1583403021008,5.264748821440721,1
15.456402531974344,38.345628814518136,1012.1000386963156,17.031819537931636,0
20.370018499715897,36.76712720997081,1010.80679569243,17.379433999858136,0
36.90365229718036,77.08202311336817,995.7150384535764,14.688733861507345,1
24.218849207886173,67.5951496054166,1021.0138460161254,19.34235745730456,0
30.026732155630814,47.82044332638738,1000.8563752178686,6.8948017739285525,0
15.169596136048895,35.16225898428413,1009.8678169127179,16.579868033302446,0
15.768670564260123,35.56778622376798,1001.3709637171007,11.165197657406914,0
11.226058487994365,88.12240685316769,995.3531345199877,19.85001778887567,1
15.068051892164936,42.47137610671829,1015.1823078756695,4.236706301194484,0
18.35771017095876,51.01915153750885,992.1732813929161,17.126322505184287,0
15.310314528302404,44.73266614475422,1019.945809365048,5.558110661499711,0
12.661076012711668,53.07475987907593,1002.7034718104446,8.359291893451092,0
13.619076133018025,34.512549778496066,990.0053877201794,6.561294009707497,0
23.823363040981775,63.738886409037576,1010.4451655694892,5.485133396064513,0
16.190011552173775,34.39481663349397,991.8740763411041,24.77132854682001,0
20.928095831442263,82.02317300845351,1001.046782312836,8.57122702982671,1
25.10251812564571,45.191285324178146,1018.2790594982287,27.81371345593348,0
30.71184485888096,65.1007744492932,992.5075848648746,29.097795760355726,0
11.179364195232967,87.20514069149479,1023.5735396942401,17.13781409811292,1
33.98231196727128,72.30702898806763,990.1527969063433,4.290033679971792,1
28.837011684727234,64.6422561258368,999.872954768076,11.236447301387438,0
12.452770958466157,51.081693952499414,1019.6361622460829,23.93196790044642,0
36.20735872320331,51.645124348782865,1002.6508059891722,11.021721860912114,0
37.626172015954396,73.51665208788236,994.0756955226406,2.6105165490836626,1
11.832338795645912,94.6190584793759,1004.4093567520171,16.703547327845637,1
18.30632944441611,73.01954734020961,1000.8157314553811,25.353625544881044,1
34.18603839379184,66.25592212905161,1023.7084760864223,23.87779161430507,0
32.447790711509754,77.49228316555099,1002.5339167034057,5.253694203910597,1
15.53563058069132,60.23836479844168,1021.5572988710403,20.182938432374,0
16.28047970010131,33.90925226905104,1025.6748857924294,6.615127903069413,0
21.11416308374146,66.54929303206413,1007.3526967830612,6.546226036565167,0
24.53568955573064,92.24564349284972,1026.3977257541758,26.222153199155553,1
28.54764314590888,41.39469125324788,1005.0927221585277,7.490068582206905,0
21.067409187093173,74.85031790334327,1028.5631366596044,7.897420395540335,0
23.876041483994435,43.06068976283867,993.5715809810229,0.019601722838986646,0
32.4241281440127,64.82879949075028,1017.4807706601297,26.12007102376553,0
11.100496086717937,36.28396922703678,1009.7525616182771,23.77784439627404,0
17.573108330320622,59.27411085678203,1005.5059522182258,18.81986805272034,0
31.400487576536573,79.15061637819099,1015.308475149944,22.50797291816527,0
36.856205130615976,52.59214907553384,1018.1542836653732,4.5614570227347535,0
25.35032326346998,73.21926209166918,990.1745307860124,13.749707837627263,1
25.96340455795947,81.7042474513324,996.6781235498879,10.536581620463426,1
13.215160340193282,90.26655826616442,1018.5218420253727,2.8132957877104947,1
23.42237100470364,45.25173532060448,1016.6554165431282,14.583914556447722,0
25.978517993650694,55.955534527605025,1028.641900205147,27.62218951027906,0
17.27411510904189,39.90704086647713,1020.4415116100313,1.2017735715208344,0
18.07729692848143,94.51142764029439,1028.0309083092536,8.743827404813816,1
21.31852489313868,90.2550629150792,1018.1016200613923,6.226228086171104,1
10.602135933331791,65.09721346823638,1001.9220883455778,7.14439960997089,0
19.66237496749535,84.73216413446738,994.2145968900343,27.253036556381257,1
16.34344020989634,63.86226852268274,1021.2729545337975,14.042071627028704,0
19.82492056533744,70.53306972017938,1015.7659688590367,13.988982388194565,0
13.592863954577536,35.79308808754108,991.9274404957318,22.817269273658468,0
36.71581842219685,79.0925773322925,1004.4020186360391,4.634766120147774,1
27.80777360662146,38.30137643629026,1028.2719926193715,14.617960623001524,0
30.37306957433469,83.69439596641435,1010.0160458284081,12.899556423631791,0
33.67513715822015,80.83182569857507,1007.3091654407882,17.907320716399685,1
24.95326596787172,76.06840535329347,1008.3079842063718,29.986731097513157,1
12.607608642622711,32.35042473410954,998.3553089602066,23.083466822461414,0
26.113196254556435,49.703343136446364,1004.7482868345918,11.935971090522816,0
27.605233540626372,47.10231704420478,1004.7925302394871,24.82659156822141,0
32.3631842255299,53.408866485648744,992.0942008074989,5.121250899374406,0
22.94978638689038,35.69677853964951,1020.7027051407167,0.9139105892688038,0
13.827409083866913,90.90225849701909,1006.6601772761552,6.133451173928192,1
18.513277173961733,65.99714564630446,1022.8871954726569,10.21234668342779,0
20.892468891959055,49.85908019277153,1024.013920044796,15.317422723786796,0
29.377517239948038,55.80379860982842,998.4797621879463,18.453874216235995,0
27.123349140067358,59.068165132814315,1016.2941392868051,27.318171516432653,0
20.68290177693539,69.03863166844013,1008.8912721665192,15.29562028651373,0
39.59545746378939,63.519162800272355,1025.2062695168595,15.038269338771881,0
28.173244580706616,89.76047825893713,998.6296271670582,1.507290294689464,1
17.116803752079832,62.30262638887897,1017.1125280124018,1.0473465796867143,0
13.053474178612113,94.49027096351533,1014.3100848901089,16.53479885749116,1
14.585774175529961,85.34262225343122,1001.8120591028733,13.145358397450336,1
17.378731851535242,43.55318343322683,995.4640361460469,25.17541184940896,0
14.820441197786671,90.48868895185456,1016.0655904190911,4.820387541355355,1
15.597010721539172,37.56381586255595,1019.5438983252932,0.7491498635114879,0
18.55285506081541,83.13423105192746,1002.625093750534,13.471163037903777,1
15.201207858842645,54.74051407597771,1015.7933041608926,7.124356702567725,0
36.90296273879275,87.06833082892952,1005.8052363044601,1.4884312001651234,1
12.407012369849266,86.42368485698427,1018.5282753313047,21.73794860542887,1
25.735341687107642,82.38515100764538,997.9686109957621,3.347789998717424,1
22.311904809689846,81.35197835995899,1025.608600105447,18.24958500023315,0
39.47135850725819,49.80414404137265,1001.4963838586232,8.431492505006675,0
13.36116706504157,35.25975339833139,1004.7114395102461,5.204881510650661,0
21.935667971372247,56.193711619735495,992.323678083214,11.392545687579524,0
39.08411299826106,41.279093474123066,994.460488492851,24.04337328668861,0
35.96521377681941,75.17182077866002,1010.6344761084931,11.76280730713718,0
34.512162128478394,52.49648222495606,1000.7037070691189,22.52308947633167,0
17.737084811348197,93.41466305589447,1023.4192090296877,3.764588903974521,1
15.126627621701974,71.66318502744659,990.5877355461981,23.183142589952375,1
30.05929659773293,83.46123663623345,1005.1637619468775,7.107999747199459,1
37.88127967382758,38.614103728220144,1003.4938218707637,20.321793896666183,0
26.702886790417892,86.03094134772047,990.773105236704,16.97344664522989,1
27.148380684096995,89.97921738337064,994.9747359600204,27.87434151635062,1
18.399372809808526,61.65902472323083,1006.5457069967454,11.61967553925942,0
33.084787995758106,69.40644095381353,1009.7145833778978,1.9849556650332134,0
15.6113124567257,79.7126370586947,1006.1715898901948,0.5746645665375871,1
19.71037709212731,41.36451077192682,1011.2375071364837,24.805756829182595,0
22.763093158492502,62.66679497012376,1013.8052669962273,15.742069129842966,0
25.228311360533652,55.913096805200354,990.3969528451134,23.257321555048478,0
17.272291972452408,39.5143094905462,1008.5638063781402,7.032768000345441,0
13.445104742176106,53.889737448949546,1028.5399696355034,10.352512365397011,0
28.318601273248976,34.431200110057084,1010.7612912051819,0.9031161663395681,0
18.65891659720767,31.677773951716652,1017.1016906983581,28.844769737223366,0
27.437146642678368,38.78580879506348,1002.4745543166754,20.036037201024403,0
14.63088145822607,92.6024822532963,1020.9596551261105,27.996152632779186,1
24.434203055644524,65.7194198331761,1020.9168592750447,7.9648922228721695,0
25.977682976547577,92.7784404749593,1010.8518419061655,18.343908336769825,1
11.554706104672807,58.11236209145858,1029.0405529311686,20.354999048779135,0
20.098128345817617,50.26804865054187,995.0220085905062,9.526491007727653,0
14.032440308169228,62.89922108461587,990.6779065955833,25.4432770504689,0
11.901249114183033,58.56825976113916,1020.8063284702838,28.414843887007436,0
39.69880697169836,36.86820447701336,1022.2862214945953,26.54565353088013,0
19.67061534924169,71.65371045486341,994.808289164823,22.172009278181175,1
34.29623337563905,44.042481863123975,1000.6233133183442,8.323940391748621,0
17.639219642912916,70.27321706835892,990.7020945346652,8.448481263168953,1
30.44508166671788,72.26307100587997,1001.7323444312226,28.90080961338114,1
32.80683579669059,39.88161545336213,1020.9256749567469,0.30853487807076085,0
27.869162218235328,33.98772576219343,1010.7184211085032,21.481499197264334,0
24.14728565650475,80.74950309444858,1003.9238237267315,21.187384876657866,1
22.355227424418054,59.88702754500581,1004.8695717962532,18.680686228493922,0
20.46604799628986,33.78064670785593,990.0541450286187,29.703265382605974,0
37.88587432743478,94.66631061603486,1001.9920211026094,9.356383072911758,1
34.918582233631874,33.75573646476383,1015.8583496655173,10.199155913797446,0
38.95080731999538,75.17728987580595,1028.9677777526542,2.3681820883966664,0
13.728916704566341,93.93913014212188,1023.882433079356,13.283944096312123,1
31.92602425610933,45.546706774035165,990.9437985858211,7.831455787045442,0
38.150213704631135,39.24620896466775,1025.9424241869935,10.301601065329326,0
15.436991984969804,37.890021062457876,1021.327936531945,25.03715370766883,0
11.994888021003325,49.71288459189371,1021.2150449428392,28.064535405824873,0
32.23361947870177,36.56797771569204,1008.3198303601429,5.571992160155569,0
27.234193395397355,74.99048721011857,1005.9202117181801,11.175267946603975,1
35.25486330274816,34.048966878454074,1002.1166291533277,27.858916863461822,0
14.193171298788684,63.11243832973633,992.6277943581746,1.854253820676679,0
33.858019355796706,94.7852955004435,999.1294145397479,2.7708158433413557,1
16.048819601432335,82.90806751789123,999.864145399121,4.883729676186881,1
14.909678285971136,69.9892634850157,1009.3630827884081,17.856385023806244,0
14.927973937929789,49.90648535112976,1019.8977762638677,4.514168130179924,0
34.43724160694146,70.5532293589565,1008.9523931359179,29.042291443522004,1
29.955916620886004,64.25769515425736,992.3137779778864,13.40143581775561,0
25.69196274307358,57.69541995287415,1028.3115920395283,15.045538810504992,0
20.764914523705073,38.49617448811296,1027.7089727637645,7.399758474162194,0
36.31601622439325,87.62927399063034,1021.4075817259363,14.128807573042005,1
21.773353222679063,59.23600217338596,1029.6531160625689,19.857408979110346,0
34.497983184147316,42.650463268349725,1011.7792933120105,22.535314108621282,0
23.17404725710655,53.90435780702383,1028.5107340101283,22.61604248129739,0
21.308332882747226,56.91843391438026,993.02420162467,17.33673338082265,0
23.880393570088195,83.78996321184684,1004.6272299304549,27.130793249815717,1
19.04133622492426,77.68493473649113,999.0152507202706,24.522235419183282,1
32.428281405287535,80.0048180866871,997.8333233653708,22.711443440958764,1
25.081611702774374,30.71703218786207,995.632117955707,1.6681656504138187,0
16.96638085440452,57.0500098816845,1014.8965456626398,0.20633886658947942,0
36.987237198237054,61.28736985629604,1021.2528742298922,6.373418315864189,0
21.516736641196342,31.247497993498683,1013.1319359768145,19.905707817403567,0
26.306585833419657,46.88785856842722,995.8785083835284,12.335924666476375,0
37.19416332893641,79.41883850293877,1022.4449507973388,12.072187778979352,0
28.727139877419763,38.912130872384935,1015.4381882865491,26.537606646888413,0
13.506941221250923,64.79515854441846,1005.5266282450798,26.866885443955162,0
38.19496370840425,43.98812168112044,1016.9652118214425,27.275257921607572,0
28.831241592142536,30.787850351853063,1000.3961991697133,9.41634229545082,0
20.047168439712586,45.67809474397019,1003.8076883397684,20.731674382177854,0
14.178162179901618,93.4317940691535,1026.6994337252795,8.14899543823109,1
33.82075567810888,82.09991227239432,1001.6201802268569,5.718294992233494,1
28.602182677855406,92.37248188086717,1008.7995307263175,5.538973720421076,1
26.003832759289647,61.71051285521356,1025.6056454958407,10.263228625907821,0
36.816777491528725,37.13285291403773,1018.3088540107011,12.898728593394651,0
33.65791633673592,65.61736678329004,992.4881290465881,24.92847513165205,0
14.550246391982535,59.53452674639746,995.8921217711588,3.5967328041813627,0
19.351662033866447,84.88321037807503,990.3136636308767,22.047775421846826,1
17.45467419443397,36.3753677509759,1015.2368716091665,15.94364742567916,0
32.31838877718031,61.735673906415585,1007.9069370164167,8.638360280279775,0
11.005973042073382,39.753163205108976,995.370994036091,14.784587535984738,0
27.096690546139495,51.1039352478539,1028.3173648422708,8.998262093310679,0
32.87376057222072,77.92821003020697,1011.1863889578248,17.88245865714918,0
36.30296910285249,60.941178408969826,999.6757317645156,13.015317685657326,0
20.262452461477224,54.43273853447501,1010.0241428461883,4.932165872366362,0
34.637719140160385,55.6409581070523,1017.1848133094043,3.497492236670902,0
13.318952108656216,59.86403994638913,993.0495687189426,16.400870462163905,0
35.39356875203555,81.0260753494087,1000.9881526019157,27.072390998583103,1
13.824659869959472,87.98550478111524,1022.2786196353597,10.318730596730566,1
21.918618716811018,92.09675462275534,1008.3865948161065,21.990003216678698,1
33.91886097338661,81.14872010659418,1011.8630856812918,19.75984064819301,0
14.497522820463214,50.50144822362083,1007.3126400883788,27.94664742928443,0
16.877541856979246,74.72875589562524,991.7559977057202,24.629430518974225,1
31.667577051791987,58.444203063600476,996.6299911928062,16.99815776716389,0
31.601096096382232,46.55359043299333,1007.8216655496757,19.71091494702322,0
29.234428986558918,84.65665266268496,998.3674186163171,26.951593997521044,1
30.818453334013,32.497712682551125,991.9991611463871,11.985563537608044,0
26.281733300427884,88.61452948880253,1023.745986562073,9.803841175733321,1
17.553971767208584,59.99603520060772,1029.2477011665646,0.3243325090558902,0
20.370879805117582,71.41809599253823,1021.7257149598696,24.796532225743928,0
15.44793150404277,72.85800494337587,1024.1513968681866,24.029421012100947,0
37.25351684000885,88.18265314592486,999.6790852126818,3.1336355430045417,1
27.501753842983614,71.38352934086848,1028.425079020528,17.305721433981006,0
22.025542502909197,69.90568300940402,997.8770281781372,13.919450945006622,0
23.860174109323978,34.33238263644485,1028.0571924144733,3.561272865273344,0
38.41850018835446,63.69652142643827,1029.792771758638,29.417046811821706,0
14.600542093482407,39.76098505310771,1018.468912229842,6.440876623900663,0
27.586894960503916,77.93319496689656,1029.2457492716728,2.0170254027168344,0
25.17666036653398,63.294424852823845,1012.7815911826841,17.845421385057286,0
28.343627063039435,74.21480564854296,1000.3816713270436,22.16600031399098,1
10.543305514625215,32.70873853915498,1007.4798354266248,0.9733033814156089,0
36.16371726832455,35.51148104297721,1013.7424374151515,19.761529161810664,0
37.96354847450837,76.56102022407435,992.9232624810807,15.968756278543633,1
26.953995507676268,34.68548183991377,1014.8937305846898,3.0979502662514524,0
30.899524716306768,34.63168730474181,1029.2471134704917,5.175716308390862,0
37.67498143531887,30.787050890267686,997.6043059913491,17.039228919482415,0
31.21715902940196,92.1725908894662,1021.7038046515353,8.89072840539865,1
14.57617128742784,77.93804336483545,1026.3159517511847,28.14947185953948,0
27.288650805004394,52.96134155263417,1027.7480637128087,24.562206884521522,0
28.201451391485676,49.27481278369759,1028.4054241762178,29.50701619540989,0
22.72392013907158,52.73070993348022,1010.8583855488589,7.79012516851242,0
32.09332706874169,80.35247952677682,1029.09231631966,29.09170898393931,0
38.03101044307044,72.98908971957694,1020.2924082853775,12.937016093746736,0
37.767055387203285,42.037711911385415,996.4668574494784,10.42556385941264,0
23.525181142123962,41.31710679671548,1009.0760042587189,1.5104858090805973,0
13.397141375222658,36.395717231370824,1018.7332470148801,1.5829577357880786,0
39.54523596887004,72.91967678058697,999.8936126327633,20.76033767839964,1
35.166942593378025,79.68422304441285,1015.6246073419555,13.737869833020838,0
13.739880436098005,47.228017841125265,1016.6640191618648,6.795648781083171,0
37.625256478521166,31.361422467009334,996.5079897523426,18.41910918975698,0
36.09689086186385,35.34115838596778,1012.6034124981103,7.585743547503335,0
25.56514171378216,92.91090226492699,1020.8650764391443,17.32895263033268,1
27.738263072347877,49.20391053603232,1009.9558265814377,10.77626240948071,0
21.970081116103906,79.99950460947869,990.4841246710442,24.706566798354572,1
11.64284916466094,70.60313197552715,990.3615387631717,24.62088482300338,1
20.05591724937703,54.82607657743823,1004.2811737588005,14.32051194367204,0
34.085603457940344,43.36967204271108,1027.0477627372713,10.524573280050468,0
10.138960690138086,37.890117180361415,999.1470711841444,10.876793896772837,0
20.004975150734325,69.97584292252634,1015.3745475548675,24.171435770046536,0
21.9450608077283,80.35119574145622,998.8830348277328,9.84538448392836,1
26.121868088137685,71.8537764801735,1002.866799586382,6.271781211205381,1
37.59566849238281,64.46963866119529,1023.9216835840593,2.540650256259205,0
20.390379830978837,32.72682952305636,1019.1544576907979,14.000793626532252,0
20.40859605688683,92.95177054363495,993.8159710925285,14.463962967595256,1
32.125037443292456,81.91642245754736,1007.1480808394573,25.227261312087215,1
23.566538226694213,49.033432385562705,991.1667905458106,6.637160893381919,0
16.73814468819946,93.69807140832529,1009.2356058641203,11.429738210051998,1
23.5731854839808,69.12230332636094,1016.4973604680428,24.252172166810727,0
14.225710611393996,67.85747278347102,994.7401049439261,24.708708322469207,0
15.2916095951867,78.6247566629196,1001.5553975563666,11.538332279363047,1
24.951033182184393,82.76503622585895,1005.9134650200863,13.773720698600426,1
22.56776348513644,72.67110947654767,1026.781240986242,9.098576725478488,0
37.445377032043,38.326223513803,1029.7302006169186,27.976646352579362,0
20.871816973498994,51.98738788964239,991.7964519598246,3.559312972247409,0
27.417650508341303,90.32543662119323,1020.4403169398157,28.012482690044102,1
28.96792863758591,44.600014769850375,1004.8689626560937,20.515993555060298,0
10.392833697650008,54.190856549438365,1005.6983274491791,15.947164580601935,0
29.906121160501318,58.08499739137274,1020.1705989338809,0.9797718235348762,0
15.341079006092542,58.56132433013939,1026.7370572858163,14.267885754660249,0
38.832109524083656,69.84107286214416,1028.037143780102,12.232443150081968,0
14.459881832593389,91.299929453406,1013.0849034415328,4.836564359253677,1
22.43872371181071,45.64502626911282,1004.2848463720201,19.692288105019706,0
12.560490042359316,37.897589459559676,1021.5019634343512,29.134527221048575,0
39.90622755537842,42.83558184089593,1000.040055330492,16.865664331935754,0
25.065850309937275,87.65011851360252,1012.5629611533407,21.442598293318376,1
27.861550519601312,71.97770282258838,1004.343138460995,2.0535135769805035,1
12.012294321652824,48.583941300545405,1016.2652429483151,12.530009874509842,0
32.498814111975335,83.03655103296012,999.6159565157403,3.490754554934876,1
16.297167792867572,85.98904976362334,997.663717829393,18.383875066095314,1
36.94162868322141,85.02343201486806,1026.7295634670174,28.154464746424637,1
16.154189214460217,89.73022468657103,994.0721473179815,19.853331974149157,1
15.720631619909998,46.3956663112685,1010.2383163093973,2.304091449432646,0
11.096490035442846,79.07772536850808,998.8341113185204,10.639986149552485,1
24.162008353299978,59.9350673228191,991.5571985330267,16.519901383225545,0
26.945233997878493,84.729905937854,991.4407527316571,12.096232683997567,1
11.97125918285057,77.35189401550485,997.0088708842331,25.00932031425517,1
33.26582850085032,80.4690840224821,1024.67081418024,24.440130141299676,0
23.598665042440828,72.65051944926964,1001.299149759081,18.354930603096644,1
25.7317080798274,41.532870015530946,1028.0183668230118,11.203738353981157,0
23.222882408146845,65.42674972830099,1013.2648917195677,7.660091212897324,0
22.02289182625978,94.00353306909304,1007.4645675907507,3.1762295463938797,1
26.789209939246536,90.93022432231274,1013.2035533867781,10.646930504596622,1
14.657207377921376,32.80629282680576,1010.6679354090508,12.395175516231586,0
15.457843914858135,40.71296302241341,1020.351050150293,20.27468775312221,0
35.85356863040552,38.562370274546524,1001.2998426389141,19.744794728927204,0
38.38346386400898,77.18869414904421,1004.1220156640121,2.1032441892377083,1
21.199279488392587,83.15604644070143,1025.76377210133,11.857779462934733,0
18.122340194306613,43.87823881019367,1027.8582605260162,5.4533660165208575,0
29.319986297170473,62.88042504186888,1025.702329099459,4.7043811595041705,0
22.26202513294289,84.645696820728,1006.7779197582926,24.819064492117377,1
10.761590669810346,77.6321004098063,1021.2146201202753,1.257456501487726,0
14.68457792098571,65.24541835697013,1009.053429332044,12.57548627706364,0
31.479166865421927,68.37259987982023,1009.9015940858441,5.046109672995546,0
29.76771825730454,63.0434355495582,998.1872043622914,26.37990647035422,0
10.812879775104506,49.34064933572334,1013.6452121303406,16.711215398251053,0
16.659164857988483,66.72642953583605,997.4454359101339,6.941419091305441,0
16.93224389764214,74.7775446332559,1003.2625879626878,15.072818614991291,1
30.15678230796185,86.76598953095251,1024.2012080647974,21.944590791093475,1
10.591316132630924,71.35893800865112,998.2830323684342,28.743540267583015,1
13.123257459537214,79.47289990780527,992.8463314069373,6.613380127362568,1
33.99748256119568,40.40465627204725,992.7603037045127,26.585453163880352,0
15.356339861630008,60.001235837286345,1027.6313808201244,28.029123425024707,0
29.58238323555624,30.606555288761065,1010.2768175184734,27.492616335961987,0
17.145483431401797,46.03412619390549,1006.3764828726808,19.062430705857295,0
12.983241782780354,77.22001148234531,1022.4351432403167,18.89461963304123,0
17.295165729983623,94.46764683770863,1023.4330371164207,12.096318995514682,1
31.668007955669776,36.44657647316903,1003.2876413246241,22.571936469113638,0
35.67089404318857,56.09713053098373,1017.7447222989518,15.938820550527957,0
34.90659593700975,82.00461296544538,1020.8449126340755,20.323142136848833,0
21.915505888553646,43.26231625087843,1016.1860274746382,12.853737115463863,0
30.042554097119385,66.0805217046486,996.063802992004,21.94489392129417,0
16.14952886247463,77.64963424192887,1025.0353233406822,24.734145528136473,0
18.794431907830397,70.03905426691163,1011.5637821094404,4.393087698084484,0
36.89007455563359,42.22160775000205,1001.2988970548001,24.98789146722684,0
10.39005770532208,53.099996964573066,1007.0091274175078,16.208895953709217,0
12.565255925634043,80.94646599155081,991.5028436159563,25.33997727270673,1
16.23658765438082,66.02472341858109,995.1146720488968,12.939051190230439,0
10.795966116214592,30.339924880289328,1020.6218700206344,11.371214561491051,0
15.443063052693919,79.4643994018261,990.0004653902147,27.451821975516673,1
27.491246829090766,32.29523807111554,1006.6626331392916,7.535078026452039,0
22.64273651777494,78.47269587753009,1010.9004072434235,25.326369758584292,0
36.780151332309245,43.16123641074043,992.1853768000389,14.520617175282123,0
34.523306852153226,92.27477620775971,1028.9231265188932,15.422863276537791,1
20.254520550936277,53.91614883463549,999.0450132499868,9.254048444684521,0
17.782703002938774,51.25055506197514,1002.1679487854512,17.19126601857047,0
21.390772245018006,39.677723271608905,1002.1577004902011,9.756335888286339,0
27.708848275444232,49.864274006863965,999.216666484694,1.1780824272495694,0
18.041909224686286,86.98229951883303,990.0589528834524,8.159958160330682,1
28.72446723547402,94.76173194577107,1019.1737917635198,0.19137130219772036,1
22.282349565737213,53.94011948294514,1028.6738199919714,29.3506436117057,0
26.561415425559407,59.15969101204527,998.9717393314017,28.972416294592424,0
23.0837958740595,76.9346109831779,1016.5218876721369,11.85465892416915,0
18.83397278625753,87.60272573022985,1019.6758530783486,21.85112563018938,1
38.4535992088647,68.54788172214097,1023.937015163621,10.374182952312749,0
32.908173824792826,55.44917038155891,1006.9051678805444,20.132794712579283,0
14.203395272993577,56.82041965516054,1002.1172362256171,24.162901291379374,0
36.05403927693739,75.21517952229244,1003.0118053609212,28.402687340767223,1
24.62293594748541,30.209187134278114,1018.5048533239406,12.00636827549016,0
36.836566806822745,70.27330693488965,1022.6711786602255,23.49893948868143,0
33.995657678419455,53.10704567868823,997.264558710264,7.977853518963563,0
22.756405134077003,81.62282653301048,1004.8376403263106,29.70996911380945,1
10.674079249603523,36.044391588503586,1026.077607869966,0.7730879629305343,0
18.060320781548384,68.23314735164539,1022.2677407877895,18.10586419503363,0
26.249026439826007,61.263237842598045,1029.3943361104991,19.785179449539815,0
29.00434659478442,71.75115918383977,1020.1699303872832,20.641366712223864,0
17.73663056299607,34.21548364139294,1005.7278080411169,3.61162736367267,0
14.180682222184725,67.69894618282854,1013.6255133597855,28.155893504193912,0
35.04790710397897,66.49649821736904,1016.4405701698928,5.435498371502484,0
39.532065421106566,66.44290613705111,993.1382326526849,18.682602097195232,0
25.770705469080575,69.22669832876957,1011.7798783641546,6.680282373692549,0
15.150378575449105,73.97041591971355,1018.3728331389044,9.216492510638126,0
18.169219795581068,82.32428497925002,996.6928521600424,16.39375625184373,1
10.551720296424001,47.538346808333934,1021.2252686970223,12.515802556937295,0
37.428964196814974,83.62821166170403,1013.3509112205645,4.806768029295188,0
13.532532486704234,62.38661934712449,1028.0888714279038,5.128092072625448,0
27.295494265427607,35.00878814373152,991.6968919282757,12.54434364488399,0
18.22165662061618,33.80581040085865,1000.6130455022187,22.71848934826502,0
26.6253400754738,51.72549071524395,1014.0621551719929,26.938939405433658,0
29.542611650555926,81.01830351224538,1001.8623964882372,2.523829867781485,1
34.89225411121605,75.99926075815952,1018.5769665628496,11.793117226782032,0
16.1926381528181,81.25997270370641,1020.3602113008773,3.007366911686299,0
10.329874859754414,63.622488668704605,994.100638562659,0.4977744189779365,0
14.106568902064218,58.61293486710689,1010.5541785682707,19.8515604793187,0
37.00055925544315,39.584414235908454,1010.3556222236423,18.073483258997634,0
36.216702326875456,51.33252898460525,1004.7712308086217,4.890573414446586,0
27.922393065109247,58.211258801301895,1027.3169945027869,7.014384992791923,0
28.0155058130096,35.75902792917512,1023.1002527949288,0.7112326093355514,0
29.951100236387664,44.33977692622873,1017.8883752763854,25.048416170832112,0
15.261138358703487,68.88464411414301,1018.5730654293999,29.240717881456543,0
37.4323583777488,77.81810242554734,1008.4686457525247,4.063786103840724,1
22.563115746762193,94.89258824054173,1026.839780843863,6.944256412958944,1
21.494155847484926,90.65236653733125,1017.7838170901314,26.052285718408022,1
25.567531158485124,71.76673796978744,1019.1592424662326,27.793913938685545,0
11.408979003251652,57.38112346411468,1024.4676361514937,12.58882148420431,0
14.988501062682381,71.35152870603513,1000.9628635736876,1.5186741680722238,1
32.141008492791116,81.06735517521508,1022.2828361546681,1.181755010784582,0
12.483960037753794,37.691852410020175,997.8096241182596,17.218495982070312,0
28.094563283991647,56.64381783025874,1003.8136780897955,11.78685326679537,0
17.36047329043963,84.58714856631512,1003.4244181707937,0.8595728273296355,1
21.678868421259295,54.94914187564786,1029.1410187355657,17.4975717693767,0
18.660812103120996,67.17169762976712,1024.261488949917,0.33907609767067415,0
20.670181493948476,68.20500845604289,1018.0467944636104,23.62115874447819,0
31.571377155527365,41.99095645368656,1019.0822704646156,9.192984681101148,0
18.91365146869525,53.545303707398745,1012.4829117761028,1.207740090276963,0
26.992139208906917,51.74323376822559,1027.8836266843407,17.650566629494598,0
24.28151206597299,31.702786054584212,1009.8503501152944,11.93053243299164,0
29.910134960879443,31.57246465293809,1005.2207083947958,29.214012400714484,0
38.10489217974274,84.06030783892527,996.5214134772636,16.325959875111067,1
31.97716291630751,47.74960264823281,1021.4482260904423,8.257175431110248,0
16.448211357722702,63.675119805523,1019.3777572830237,21.28316593901924,0
10.93549405183854,49.417162283270244,1005.3742015409654,8.14476007628134,0
17.867921328994754,91.14415093249713,991.0077365583692,27.12729874222695,1
27.852337921007646,46.85428932627529,1023.5598931087204,11.241659115221292,0
11.54277440452751,57.92769282803078,990.456719338163,16.49605688328616,0
24.890987416037092,86.72746628149912,1018.147991185162,1.5171931147268658,1
27.905285467506676,84.72568184146756,1028.8102843890422,12.783637138566924,0
20.027316724508825,42.09659216000803,1007.5064531259281,24.970906189829847,0
33.12736611237466,82.17181513672118,999.3989361998381,24.169464160900258,1
13.197947594013154,59.78214763796302,1018.1948404017353,6.729556765605787,0
12.254133452074264,61.39297668554809,1022.6851256806234,6.7823721303168805,0
31.8456626861081,38.67619820703635,1011.8572126431139,24.519159366397105,0
24.864739486185954,35.2390983942131,1028.681411010246,27.911952605079765,0
30.65207189283208,77.31605495329474,992.0667488663184,2.8608276381901065,1
23.044820158112387,62.269974903094486,1010.1918239321811,13.501759182786758,0
17.392060997173203,58.395295669986666,1018.738157892902,10.12362836892687,0
34.57306953022599,77.41803486240579,1024.505618845967,26.12065366372318,0
33.982476369069374,79.75833843442214,997.1702244763115,2.505747440400563,1
30.840894125632804,40.32903089850798,1022.0001392705473,6.333778276741122,0
18.16435411689888,69.66463471604669,1012.1082830287418,22.57405012759483,0
27.706920006072615,38.79801534804956,1005.8621472795985,1.5388154694364675,0
20.829216908200806,78.83938059188796,995.2686011431638,14.776061421428677,1
12.747462199799024,72.70208515736407,1024.6118303563564,13.2632110403916,0
37.51940726386728,92.17995037042476,996.2909283271886,10.03203536966246,1
14.104558927568842,34.482271063167374,1002.3915143683639,11.837169459567713,0
38.50712061462407,33.70855687483153,1001.6018212784975,15.898217607906988,0
23.380173188738674,48.342159855058014,1024.8565613676342,4.841020751651493,0
